k,inertia,silhouette
2,185.32044176044144,0.6064840027444722
3,43.27170530489448,0.7248810719786047
4,26.089147599849774,0.6715383522567352
5,21.303166341609,0.6113547187834774
