k,inertia,silhouette
2,567.0454160311524,0.5108586198131113
3,338.9336266229401,0.5347057369223591
4,220.6123593700542,0.5650881773712558
5,108.14036383759358,0.6398971515269132
6,57.66008331592121,0.6717770444085244
7,53.40497946997764,0.611034780908735
8,49.57688765207232,0.5374232100733088
