,feature_1,feature_2,feature_3,feature_4
feature_1,1.0,-0.14053525319213,-0.2511269586637394,-0.83027376802236
feature_2,-0.14053525319213,1.0,0.483049939590831,0.36549635682243525
feature_3,-0.2511269586637394,0.483049939590831,1.0,0.6077531301987411
feature_4,-0.83027376802236,0.36549635682243525,0.6077531301987411,1.0
