,feature_1,feature_2,feature_3,feature_4
count,300.0,300.0,300.0,300.0
mean,3.4660392878136106,-0.8855866905042732,0.6262798500282849,-1.7732150662481139
std,7.141555951365553,7.536111497342986,3.1463123295032793,4.103400468633116
min,-11.82628482035653,-12.08116425092098,-6.587933904517817,-7.998348464395363
25%,-1.6409457535628316,-8.572059593924877,-0.7036376829180837,-4.82036575117892
50%,5.881025590144237,-2.1742853072736548,1.5370775937168366,-3.2443919498357316
75%,9.494245305788574,7.900514994743558,2.938246574788599,1.6891625590515131
max,11.78573235141355,11.76467486120544,6.067291660757547,7.564141243152797
