Linkage Method,Silhouette Score,Unique Clusters
ward,0.27135095741148796,3
complete,0.26660510197557113,3
average,0.1931085371306697,3
single,0.14903208914169508,3
